unit_2022,%unit_2022,total_2022,% total_20,unit_2021,% unit_202,total_2021,%total_202,unit_2020,% unit_2_1,total_2020,% total__1,unit_2019,% unit_201,total_2019,%total_201,unit_2018,%unit_2018,total_2018,% total__2,unit_2017,% unit_2_2,total_2017,% total__3,unit_2016,% unit_2_3,total_2016,%total_2_1,unit_2015,% unit_2_4,total_2015,%total_2_2,unit_2014,% unit_2_5,total_2014,%total_2_3,title
-0.287822301650663,-0.630253143613501,-0.189004269302700,-0.473647880461264,-0.259343715936000,0.669950056694740,-0.111875485712327,0.563335573978639,-0.307331564884065,0.136506809409366,-0.156702382827815,0.294491473438842,-0.293038910119539,-0.428737822956374,-0.213047848889653,-0.260611851520942,-0.244497689655854,0.663499754291281,-0.099668117426311,0.295192994063060,-0.319695940786759,0.316542400287460,-0.151948052912678,0.310078254383636,-0.325042363639414,-0.586648065234789,-0.174386568866435,-0.235395354119528,-0.272815952541309,-0.204119197085949,-0.136799777991809,-0.129140450951110,-0.303136833875005,-0.095105880402801,-0.158288979976934,0.015694864730590,白鹤镇板块
-0.089894114401369,0.160034745201853,-0.125818102414592,0.009541984732824,-0.194817886810419,0.863664297894072,-0.178143769136119,0.231408867976199,-0.284336885956795,0.015794552472507,-0.170132880515947,-0.034253465832413,-0.259270290186406,-0.585521671608076,-0.195189442250791,-0.322533277078732,0.054116763013401,0.071643489581088,0.077036618218726,0.090853166657961,0.010064366456661,0.889889507725476,0.028361429922260,1.017085751128304,-0.156946797979967,-0.003514805442000,-0.130352596356934,-0.101732377016957,-0.172009941530924,-0.207122374641556,-0.104574128439107,-0.137268342840355,-0.146470186657953,-0.274681253712376,-0.091967799494360,-0.323946524547220,重固镇板块
-0.192373893108525,0.550587359364659,-0.160976995392301,0.415293858326179,-0.316740380639745,-0.726817910344410,-0.237330694154919,-0.536821271192770,0.082670769662507,3.771984924623115,0.005746439781221,3.154312354312355,-0.260486799475922,-0.705174361146407,-0.226155633512100,-0.403895631168358,0.907922404076225,0.214240760058970,1.328527948593381,0.568593995740260,0.623820137830646,0.286112109234639,0.554387523979019,0.347625188050720,0.453173497978290,-0.423561092725975,0.320890689746064,-0.665912446381927,1.005934323115649,0.004553204681082,2.035401968813639,0.200724655421451,1.256819521189383,14.177682925144696,2.225692780215347,42.840243590322622,半凇园路板块
1.116352086095221,0.191222700198544,1.361667828395602,0.261752012807722,0.832320549283951,-0.229895006535043,0.881264447043141,-0.298379266562103,1.231183010307083,0.156352414245139,1.698481247391266,0.047699668752300,1.165276070702961,0.142559649865876,1.878098225902535,-0.022522522522523,0.977282165197846,0.216396099697390,2.005926572632632,0.007631549930068,0.676132099074306,-0.188869924541861,1.952516446718657,0.721451056244548,0.952863110917236,0.198505396578202,0.869697089819204,-0.197742580831157,0.818706130809408,-0.251879407889638,1.163521167848314,0.088794770729797,1.484000746865208,0.137375160581824,1.495684762883477,-0.095938153952697,豫园板块
-0.314653814884532,0.027341164791529,-0.211252749566780,0.021085175990162,-0.242128475311040,0.897248357583679,-0.230487671529796,0.257549729877760,-0.308589558891659,-0.745712256936858,-0.202996254847690,-0.476064286590602,0.001090663500946,0.579521389241847,-0.026162113846612,1.713386940659668,-0.191748676742975,-0.525558017432387,-0.197197504591043,-0.467265583741026,0.140811777664417,2.175148221343874,-0.044277073910414,2.180029329591281,-0.206440950958844,-0.078677567970930,-0.195636480039745,-0.102693352669328,-0.211307200060396,-0.692183988219794,-0.176051261969365,-0.416750312140426,0.183521702852675,1.940588178415040,-0.069988125532522,1.524133206871114,人民广场板块
-0.171060052295816,0.322344473858372,-0.100351897251842,0.224338151697255,-0.284978637565309,-0.240454942829197,-0.183366624336444,-0.172778649139841,-0.235166254794590,-0.223991333478989,-0.124629418917302,-0.119936204146730,-0.153937365152742,0.066532542707892,-0.109312891898428,0.066657566657567,-0.208046325531116,1.602710555129277,-0.109004094928823,1.255027247244807,-0.343415028804071,-0.047385914480776,-0.204437983035971,-0.112735616490310,-0.324606143986041,-0.029794735362187,-0.185615200385977,0.338656556037985,-0.352304492165382,-0.504921336123382,-0.188578362024402,-0.357945503953779,-0.361631550387145,-0.232273838630807,-0.182383190780770,-0.067032503801394,堡镇
-0.032288149455679,-0.009224023825281,0.044821197598931,0.007975823104944,-0.090411336499067,0.286676303329842,0.002618340369535,0.153919884482286,-0.160509148882381,0.684991988930158,-0.042091933931135,0.385032511348301,-0.222341542673608,0.382006212057038,-0.137315366385055,0.295398704489614,-0.314549565286173,-0.627807329879042,-0.168629841224439,-0.480207299592017,-0.056007915027179,1.761363636363636,0.115080840102562,1.371379628576123,-0.257528983440431,-0.477959466182164,-0.121370086063714,-0.381638376125870,-0.175546297455214,1.448306595365419,-0.018567958907562,1.051852033197052,-0.412920184615744,-0.197325708286713,-0.221832845073882,-0.072678138596570,陈家镇
-0.015991484229467,0.359323295830576,0.065074664478491,0.476084131882410,-0.174871261573929,-0.106551488345119,-0.108154558627826,-0.171471606044763,-0.139582902409905,-0.253850775617217,-0.035833615801402,-0.202674518463992,-0.001090663500946,0.175737681773260,0.102819306789716,0.300817346271892,-0.097670540310726,1.839625488184428,-0.031180115964256,1.629814695521470,-0.315065844838174,-0.374708048868128,-0.190869930482604,-0.257803314749497,-0.246824824253813,-0.489855730755088,-0.134732409335008,-0.389238819921899,-0.151228883683691,-0.001356273734790,-0.038515412688291,0.094278649594829,-0.195424867110507,-0.071070407359828,-0.087818934678697,-0.076893545910302,城桥镇
-0.066224276293784,1.531725678358703,-0.035310509604587,0.913159238033365,-0.303158633305351,0.138058183517844,-0.196596633159407,0.174334652824458,-0.305081690985868,-0.689998907581385,-0.178248675924003,-0.407655502392344,-0.062125870957728,0.272236340533672,-0.028780069326895,0.226528181073636,-0.175928916544173,2.924968316507315,-0.090954688526100,2.093511151348434,-0.361220590767751,-0.565823751347467,-0.213912141587849,-0.334477440234637,-0.289691794037213,-0.685278913330305,-0.160762609496250,-0.609476967160841,-0.148844823510012,0.197047198325971,0.035788407743549,0.152202120106740,-0.247180292094315,0.535203679913804,-0.017576407056852,1.354237237101606,长兴岛板块
-0.144729035896610,-0.537433818663137,-0.130781289408661,-0.439888396482517,0.156052272186235,1.818472963966381,0.137059426767163,1.579841661065053,-0.209268512772873,-0.170826960891414,-0.130127763096562,-0.253760274812906,-0.133354587288736,-0.327227163631230,-0.047475075599467,-0.279887325341871,0.016099901785655,0.061125432145597,0.426548912743070,0.111455449739134,-0.019860674726824,-0.518213259072943,0.312651178133910,-0.070258277392195,0.356081069744811,2.004790950187096,0.458869052786243,4.003642971336717,-0.133626572734696,-0.503177555607223,-0.107257965926062,-0.473498665752687,0.136025743510150,0.214178166397304,0.547900114052123,0.614734354064104,北新泾板块
0.522189099911375,0.052490072799471,0.581293507648318,0.135530986797838,0.440003508200418,0.946326094295038,0.416156609182209,1.379428386486419,0.004046144187886,0.055212657490350,-0.048185196017777,-0.079057784320942,0.037711787975015,-0.102322462233517,-0.014563991213790,-0.084898948535312,0.083498671799300,0.001206990197515,0.071086944867614,-0.176396167395001,0.073131147061595,-0.114759252605102,0.192606600357538,0.069499753479728,0.159715115010989,0.482393528432072,0.193700989974228,0.100509317095757,-0.006059486274767,-0.067910563434860,0.151269533890897,0.145885866771122,0.022216322505733,0.223985744478057,0.125423562814831,0.042116435572016,金桥板块
1.054449172715354,-0.002523163467902,2.807126069270149,-0.125147915264855,1.064162479796524,0.045182678242203,3.905116225216870,0.138484327930888,0.957182238576144,-0.080611390284757,2.658817888057797,-0.076604097656729,1.250068166468809,-0.070556261471128,3.816910458957516,-0.049574367756186,1.502745387551167,-0.121043874093680,4.356971012178241,-0.135133566632426,1.765000698575880,0.690352137980596,5.622447249639030,0.049651711103526,0.992357767226482,0.114582657409210,5.776781719001990,-0.001878270593271,0.939101169580187,-0.059191660854065,5.617137968930708,0.205131343795138,1.276132988686159,-0.322337795090686,6.242250068055336,1.642164611655601,碧云板块
0.265141249972534,0.337069821310390,0.004061719132588,0.097769089770064,0.039367020410209,-0.498394370342159,-0.071641620327553,-0.440411282893918,0.605004396930978,-0.033091180540383,0.386441553186232,-0.093043798306956,0.763786056566284,0.095828038966540,0.631592631902696,0.297715070442343,0.666704018878247,-0.096386788630152,0.274977466104705,-0.353227594291717,0.776174663465131,0.317889867049946,0.989537527272703,0.481062186318757,0.556943442444172,0.235924556053036,0.520608260982107,0.420077402220727,0.427899066839114,0.047469580717663,0.271757604167134,0.207334687981982,0.490640845358058,-0.190971502769605,0.225325596902844,-0.294965599265315,打浦桥板块
0.408124650567759,-0.134306750496360,0.172164296865695,-0.182515835634237,0.528347512310025,0.745687304706096,0.342604949406679,0.537692633256155,0.097742505561180,-0.373470613939262,0.049270507706080,-0.330069930069930,0.504697543630036,-0.279436679373147,0.598540660831715,-0.250270932089114,1.056100824605001,-0.159064065315412,1.922440440955339,-0.096714661281056,1.347284814260046,0.033125224577794,2.306753347894249,0.063241931201881,1.366097344093418,0.579077715052019,2.322410425240853,0.829016223016241,0.847533391742807,0.112280089901573,1.049779365592042,-0.233823781428257,0.917316770041369,-0.017750334977139,2.834192360685194,0.745261430528582,滨江板块
0.729577898059781,-0.038261085373925,2.915604048973158,1.258062832084271,0.770463458333855,-0.126459564965247,0.763872416607807,-0.194251499987552,0.935784244350820,0.591499162479062,1.064767411566749,0.037590479695743,0.533208606173994,-0.006600310602852,1.196827748280477,0.607859926041744,0.560826977964392,0.141476493865903,0.344931552638691,0.151035047095078,0.406774236521547,-0.348769313690262,0.218616608979609,-0.338017218492813,0.829261949901850,0.322983583154889,0.926715987868674,0.348528396830528,0.609524717737209,0.680946291560102,0.582702181612373,0.832056209758367,0.266202015369086,-0.361982512121338,0.176135342089268,-0.263425319542929,不夜城板块
0.476021318723709,1.318704500330907,0.455961087320810,1.617525928675839,-0.076741884154210,-0.160130181509725,-0.084414354615288,-0.175392735329997,-0.005038024078489,-0.224537542786396,-0.005746439781221,-0.153453563979880,0.178715002635770,0.176514188903007,0.106508635294894,0.083368492459402,0.060115088755446,-0.009224853652439,0.064697772467064,0.082670288025721,0.055959177175089,-0.042332914121452,0.020923599198876,-0.056352005663645,0.103644111873563,-0.037040641965695,0.084097185271951,-0.097713751561585,0.127348547610675,0.018987832287065,0.128578241059325,-0.026611501456655,0.143786139815501,0.145939524539665,0.229146516317772,0.133650994384475,曹路板块
0.437104638018716,-0.161192918596956,1.741896784768618,0.393077565604770,0.605740919399095,0.300092615834711,0.962241246530383,0.707234794731994,0.335999312941734,0.100092855582259,0.256533324857728,-0.328646791804687,0.352340242267126,0.329486093463222,1.241135025266906,2.450859950859950,0.125140894739271,-0.444862101369934,-0.027327857262237,-0.490653527633175,0.669698702598377,0.450053898670499,0.894148810557541,0.457295103728145,0.397874268073755,0.727781022213570,0.477372401987477,0.658224641162955,0.098104076146882,-0.371134619855848,0.170046175592304,-0.266090532964477,0.450701061365480,-0.143453096293841,0.749853602151393,-0.019759721783117,长风板块
0.410505062342374,-0.291570152217075,0.677372949133175,-0.141969651268011,0.817661283249596,-0.010473379439285,1.009793361640746,0.006659695770160,0.803295702377971,0.149888937440827,0.847966043197588,0.352054962581278,0.765967383568176,0.051990681914443,0.520126008417119,-0.127999900727173,0.726736713049325,0.160443482684001,0.885708564893081,0.480961749394989,0.528586374846070,-0.060299137621272,0.374971792461033,-0.128854249630220,0.627946579870141,0.450814353383947,0.633183486605601,0.671765661719098,0.369588928424553,0.079535766875920,0.252104626999557,0.284745513746420,0.394073507874176,-0.209895984418383,0.155893378817909,-0.162481369405176,内普陀板块
0.099562248378268,-0.246153209794838,0.176919441301660,-0.100785401053389,0.241539598812224,0.081882784707135,0.239836315113412,0.342009609878756,0.179790326268003,-0.081521739130435,0.050245071563816,-0.194430131272237,0.312922544713708,1.422525765918396,0.257721272703722,1.690554190554190,-0.159878451509139,0.118888534455259,-0.141246371121418,-0.084179187631666,-0.194309693308943,-0.337203557312253,-0.129853559409592,-0.151357125700054,-0.076028052279248,-0.167683256548353,-0.070233433948868,-0.045558982064700,-0.026721341113316,0.711946834069596,-0.051598398975505,0.264376820819154,-0.239740814433170,0.135993811556366,-0.150772897987739,-0.036470800776839,长桥板块
-0.314653814884532,0.027341164791529,-0.211252749566780,0.021085175990162,0.198814729430043,0.493374072759692,0.231154186308131,0.276408494535315,-0.016105952126070,0.014246959434855,0.065692646175243,0.126561158140105,0.032775836489965,0.256917972610476,0.019081878392344,-0.198855880674062,-0.095462365449644,0.570389081911527,0.301574025768288,4.389069763392935,-0.225534410548171,-0.711799317283507,-0.182456760703557,-0.490986207506858,0.132971494723420,-0.018547357947786,0.138337187076746,-0.027999336053186,0.150613001472157,-0.209447415329768,0.153469150340219,0.032340196342449,0.354396293681404,0.368751122346083,0.211900943069656,-0.063419297532481,长征板块
-0.073072537860754,-0.065229980145599,-0.045221417599197,-0.042315366945869,-0.114417450791224,-0.012896971375648,-0.075542382591410,-0.014004033161551,-0.106766193346421,-0.005689680285485,-0.057981221021517,-0.091522512575144,-0.059608955186315,1.009212198221093,-0.021855896454900,0.693482738937284,-0.274439881615461,-0.377529291065686,-0.152767347868428,-0.169083807766190,-0.169404650890765,0.103081207330219,-0.122670472763692,-0.072723480107710,-0.169496501853934,-0.546092617827093,-0.086928161909896,-0.452226405863699,0.029939822347783,0.811632953576688,0.085191458918065,0.569123803461698,-0.214534113651879,-0.279515975301479,-0.093579531158946,-0.183182030320823,川沙板块
-0.314653814884532,0.027341164791529,-0.211252749566780,0.021085175990162,-0.393620086953253,0.000000000000000,-0.268282257906924,0.016742599646476,-0.380404082190555,-0.042558808535431,-0.225514383602555,-0.046276530487057,-0.363624414642297,-0.064061838204151,-0.266996124064589,-0.000930682748865,-0.416587018568444,-0.007155727599555,-0.243732055711998,-0.023707134193406,-0.415124655179696,0.000000000000000,-0.247796121363003,0.026453521447264,-0.401917688706944,-0.100307139921701,-0.244744341668903,-0.004848558973329,-0.438249861426502,-0.158780903665814,-0.229929660250824,-0.109212426861214,-0.558004586219170,-0.030320611108809,-0.337680002253847,0.008619002453969,六灶板块
-0.247831383837126,-0.628846790205162,-0.176408963734630,-0.477940323441379,-0.061919737386140,2.715288537275709,-0.010346403825704,2.117160853436900,-0.303001162434847,0.118663972034083,-0.176793608006937,0.002551834130781,-0.287613558345603,-0.330262600592969,-0.208133123330630,-0.122084894812168,-0.272759032094339,-0.165271443474063,-0.160981499544188,0.017613501169397,-0.241471688181721,-0.592323931009702,-0.168159873158572,-0.307170579385848,-0.022389812593326,-0.527707481668938,-0.065416738050950,-0.559593594660470,0.304802093204832,0.483705339843447,0.248731432867767,0.421548706147330,0.098040645805010,0.288356609064412,0.086720895267837,0.065301175797540,春申板块
-0.188150188113566,-0.395392124420913,-0.106892715366380,-0.198989535720086,-0.128111961710498,0.083873592369148,-0.094413623925247,-0.001493763537232,-0.146707503087529,0.166366251547593,-0.077507282714248,0.058986627407680,-0.143897667797880,-0.516130170831569,-0.105105204584059,-0.303175075902349,0.303541648814507,0.350199584450518,0.353798198292559,0.707760967088578,0.086777745646898,-0.255008084800575,0.024722245394842,-0.168992806664897,0.268702917638374,0.206616486059741,0.174744220477087,0.303624625437899,0.180314417802572,0.160524684181973,0.072135166713383,0.057360393664161,0.125172858451538,-0.007528352188748,0.078785105377567,0.220518495099589,大古美、梅陇板块
-0.161452954518266,-0.149363004632694,-0.164110505461696,-0.136111046660015,-0.193665192387205,0.135115250452260,-0.201415452466240,0.174085692234919,-0.213429569874914,-0.717491442720851,-0.181409720815376,-0.492700282173966,0.382794923101232,-0.033566285472258,0.381942105062939,0.041880723698906,0.426622678944558,6.634738902156200,0.340834777559782,7.674234378536484,-0.319614711033275,-0.672273625583902,-0.205548644002498,-0.391240313017534,-0.156158247068101,-0.486070555663703,-0.112313651231231,-0.277853005669756,0.014165290865275,-0.115186390761838,-0.042238155008906,-0.020980732979166,0.077735247953414,0.062920448109624,-0.043820926524855,-0.029620763892025,大华板块
0.210049976440027,-0.188409993381866,0.204357909871354,-0.115692939511358,0.334945434954205,0.242791977910691,0.294090411718560,-0.166803594990913,0.168879647471372,-0.051116087684801,0.433527967032852,0.729775487670224,0.277392083740584,-0.309226316532543,0.072141231064912,-0.214698169243624,0.740826186976382,0.484606564302403,0.453921125186013,0.293916232858030,0.311459243783487,-0.163492633848365,0.217037311755732,-0.218044019671053,0.476360250322970,-0.040609521337573,0.561343644033523,0.297247241563071,0.547400083044763,1.362280089901573,0.353635930639106,1.416578940925894,0.005149285518400,-0.362120647023884,-0.075710506153064,-0.290976017343390,大宁板块
0.482271425537057,-0.059604566512244,0.287797144516608,-0.175903153205411,0.520341297783569,0.399113657806130,0.513162470034434,0.437112555082530,0.223481425839439,-0.263227368727696,0.159901196224916,-0.116353821616980,0.557804466406865,-0.000670619793873,0.330254472271717,-0.125269897997171,0.579810690202954,0.037071841780828,0.605117016284182,0.089286232451788,0.519212461294022,1.904419690980955,0.484701150031983,1.996719384078582,-0.044016240793249,-0.163898081456968,-0.055545405501027,-0.059012641197900,0.012019636708964,-0.139018057816012,-0.033413716590778,-0.073665140646804,0.089988505277653,-0.508819913527551,0.000863411807083,-0.404114538638724,大三林（三林、杨思、六里）板块
-0.314653814884532,0.027341164791529,-0.211252749566780,0.021085175990162,-0.393620086953253,0.000000000000000,-0.268282257906924,0.016742599646476,-0.269712705618516,0.253304566309810,-0.195812906724392,0.125334314807999,-0.267058746212391,-0.330897924608217,-0.237763948911543,-0.135445362718090,-0.233605125602304,0.854376632669776,-0.200670154995239,0.552924653678523,-0.324894645009731,-0.499124146604384,-0.225528007295035,-0.394590460297594,-0.234174454305991,-0.243819349815067,-0.173834541380427,0.100421955672814,-0.209221147408427,-0.512574595055414,-0.168272101296492,-0.297280094009352,-0.028197079056849,1.173663199480613,-0.152700132680132,0.764456588832181,东城板块
-0.173586950948869,-0.587483454665784,-0.169153117816077,-0.510771711640641,0.170085073860148,0.026486397590257,0.255280576824588,0.745450245226180,0.147638902496997,-0.230545845167868,-0.026218419241565,-0.410403631456263,0.405642925159510,0.087004094310320,0.759245368783413,0.119561710470801,0.330171578482490,-0.400634531989551,0.546274915706581,-0.173610506584025,0.939105303003226,0.582779374775422,0.850318786390394,1.080169656515088,0.518791000452997,0.248577855644237,0.193093796763596,0.435715096927499,0.386078677959165,0.570797488956057,0.053654805279354,-0.132127206404387,0.132495638423881,-0.220256102109320,0.212071803512180,0.391242491305722,世纪公园板块
0.130251249411001,-0.036854731965586,0.058464099722172,-0.077060952690318,0.101437109242855,-0.152686291990894,0.067391505271214,-0.142280976921353,0.199918230389506,0.276609496759158,0.147074142066226,0.378996442154337,0.133060947115405,-0.148842298461104,-0.001841946181490,-0.094247139701685,0.248617418874292,-0.231138622824185,0.096630012701117,-0.334656522218547,0.470815774168289,1.800552461372619,0.508162209144354,1.575485771355608,-0.050492424877942,-0.004704431899293,-0.011777018314552,-0.144801558527785,-0.055906211072767,-0.214969386964272,0.040355861459587,-0.160868607241658,0.038058033760641,0.067893304601274,0.220667483538074,0.109713502852927,东城区板块
0.871426025347113,0.747228656518862,0.830779640035287,0.691924406598761,0.257313971408167,-0.093741073824342,0.231365077361834,-0.063609430627132,0.324350772275264,-0.035367052654577,0.248541747763094,-0.089461415777205,0.444655119616422,0.014577156572074,0.423530744685455,0.199310881129063,0.440464969118510,0.261744445689752,0.218769095102303,0.034907812037537,0.228946060194497,-0.176518145885735,0.185249893146755,-0.116591446378680,0.387287552639968,0.203480198126879,0.350414348893762,0.329658329474871,0.291352020391661,0.069266837169650,0.189391569592694,0.069846010722942,0.309263462537124,0.252994074012681,0.229652654273648,0.233465817563193,东外滩板块
0.191507179077767,-0.003846790205162,0.248996758417559,-0.046433791967331,0.146266898876123,-0.035574867351620,0.270315024805183,-0.110662982049941,0.163158193956065,-0.004779331439808,0.334068060075011,-0.070028217396638,0.239666312900172,0.438973598757589,0.514167656809004,1.232906460179187,-0.001433665768016,0.136648533075842,-0.048776288972246,0.058701998131286,-0.064374579636026,-0.101621451670859,-0.071808003323116,-0.217032654454432,-0.003632367498280,0.132535202128350,0.059634456852221,0.250246796019814,-0.050164599487824,-0.145315043013253,-0.000387605292975,-0.261341102161725,0.004069831896979,-0.247606812813394,0.277692433961883,-0.115660238170513,洞泾板块
-0.314653814884532,0.027341164791529,-0.211252749566780,0.021085175990162,-0.393620086953253,0.000000000000000,-0.268282257906924,0.016742599646476,-0.380404082190555,-0.042558808535431,-0.225514383602555,-0.046276530487057,-0.363624414642297,-0.064061838204151,-0.266996124064589,-0.000930682748865,-0.416587018568444,-0.007155727599555,-0.243732055711998,-0.023707134193406,-0.351001887779471,0.000000000000000,-0.241725784701122,0.026453521447264,-0.401917688706944,-0.100307139921701,-0.244744341668903,-0.004848558973329,-0.316384652215288,-0.148511973959544,-0.162595881206475,-0.122726271207188,-0.380915843461720,0.145663254734574,-0.209728638067635,-0.091045270463544,干巷镇板块
-0.176724211595413,-0.057122766379881,-0.097352791655236,-0.073580593517251,-0.235951536717076,-0.026572954445127,-0.127535178206345,0.163504867179525,-0.223372560973397,0.217254752020974,-0.131400212189092,-0.015261931051405,-0.222397474135195,-0.159783989834816,-0.149406365910514,0.071455753273935,-0.224063832732402,-0.245277650852221,-0.144251941208987,-0.361352438323729,-0.152898764982828,0.562230506647503,-0.002538388365714,0.490986207506858,-0.221456973642266,0.909577574459801,-0.094419223026188,0.882656136703155,-0.327748672376491,-0.435945129039758,-0.157274259537113,-0.219624452224154,-0.330706662854542,0.121075242081417,-0.164329752033284,-0.029319663369616,吕巷镇板块
-0.022278212762425,0.661772005294507,0.035852817184104,0.540934824473886,-0.223785598837282,-0.216824921449654,-0.133531644522453,-0.138484327930888,-0.161621989735253,-0.114294297574831,-0.077165405269622,-0.080922586185744,-0.089098818308045,-0.123076380064944,-0.054962795212675,-0.078653033198488,-0.063542703465187,0.018191066548267,0.015804966713013,0.016220670763909,-0.077013929278127,0.835204814947898,0.002538388365714,0.455335583620940,-0.201676090129691,0.590216944606666,-0.086145721878309,-0.288249014999956,-0.293537408884200,-0.386150507633884,-0.001193237513521,0.369011188092149,-0.280293261291960,3.723357230671474,-0.123864933420418,1.747700344760098,张堰镇板块
-0.314653814884532,0.027341164791529,-0.211252749566780,0.021085175990162,-0.393620086953253,0.000000000000000,-0.268282257906924,0.016742599646476,-0.380404082190555,-0.042558808535431,-0.225514383602555,-0.046276530487057,-0.363624414642297,-0.064061838204151,-0.266996124064589,-0.000930682748865,-0.416587018568444,-0.007155727599555,-0.243732055711998,-0.023707134193406,-0.415124655179696,0.000000000000000,-0.247796121363003,0.026453521447264,-0.401917688706944,-0.100307139921701,-0.244744341668903,-0.004848558973329,-0.438249861426502,-0.158780903665814,-0.229929660250824,-0.109212426861214,-0.558004586219170,-0.030320611108809,-0.337680002253847,0.008619002453969,漕泾镇板块
-0.124526053912054,-0.008644937127730,-0.123796746950772,-0.125901993085686,-0.189605703331537,-0.003029489920454,-0.147163316198676,-0.059065899868051,-0.182753869843585,-0.033546354963222,-0.111544805716164,-0.047503373819163,-0.137381652522998,0.433043907948609,-0.115216995337523,0.205267250721796,-0.260136181769045,0.857738962505711,-0.143047821887066,0.512590606519607,-0.338135094827614,-0.577726374416098,-0.193849333652164,-0.227778409881038,-0.238117208865326,0.694471481409383,-0.148781650779144,0.592965658224641,-0.326457306449081,0.390897465705650,-0.174417872703111,0.046931231179768,-0.453268410519130,-0.840481814540080,-0.259909172455110,-0.411642051698960,亭林板块
-0.058667994814365,0.090378888153541,-0.011995474470689,0.055192695886215,-0.149499454976006,0.085604729466550,-0.073684085738067,0.115268752956407,-0.165916103895790,1.641404486199111,-0.086688866136088,0.887007729112992,-0.276623026143763,-0.464245376253000,-0.203443997672833,-0.205432705432705,-0.179867377677000,0.147252804096870,-0.118793193249466,-0.067929499567642,-0.217183991890021,0.495530901904420,-0.108370219579414,0.240294054436733,-0.260095968323742,-0.307842882789350,-0.133961816975824,-0.139996680265928,-0.230419415786054,-0.114605130589785,-0.102238155730368,-0.115136974563615,-0.266114492102484,0.408948378986919,-0.098848653908554,0.197634855396474,枫泾镇板块
-0.035840456257797,0.002523163467902,-0.004061719132588,-0.061747372328824,-0.098605490333655,0.144290277068492,-0.018345612922347,0.050352279234197,-0.136280668139971,1.027920399096934,-0.029566004743622,0.719813519813520,-0.233933338087508,-0.443985599322321,-0.165362236032968,-0.232153641244550,-0.085607973159140,0.262089300031899,-0.014627978351880,0.454323867890036,-0.166480379765343,0.205488681279195,-0.118290151252758,-0.083848497490550,-0.184848078116873,-0.146702571756105,-0.077923807470683,-0.065127940803900,-0.169705350029701,-0.105401844532279,-0.055339057594756,-0.061179523588024,-0.184221888985489,0.025071484812067,-0.043901135393192,-0.014415187510350,朱泾镇板块
0.362555024133713,0.311093646591661,0.282867583585887,0.076306874869487,0.123952238357160,0.146454198440245,0.198218760921789,0.207446411233102,0.046963093600802,2.181059281916830,0.069552195282033,1.590675990675991,-0.220118267075526,-0.211315826627135,-0.176593305814449,-0.138464911192184,-0.202888424549631,-0.050521161124570,-0.109098771850077,0.025854414401866,-0.193269952464348,-0.157653611210923,-0.119925039553225,-0.100472813238771,-0.135387480495948,-0.413611489628620,-0.074597203203897,-0.382948797470013,0.006099220610995,-0.292858250019375,0.062348418644354,-0.162484392978677,0.199334239685383,0.331869103366348,0.268354433079719,0.240692230101019,高桥、高行板块
-0.178616333775235,-0.643572137657181,-0.135077243507748,-0.485539107635908,0.344968864721286,0.134942136742519,0.353721714314804,0.102260562153011,0.236496825379545,0.320033136697983,0.226386043202021,0.486124401913876,0.146358652107707,0.738140618382041,0.020928014933445,0.351942851942852,-0.135258949699754,-0.406324628634980,-0.089289680600595,-0.281903070610698,0.101366609372614,0.045364714337046,0.039006830947931,-0.028160200250313,0.110757847759341,0.170711396621461,0.089091349429400,0.494858780259813,0.047184524270726,-0.197047198325971,-0.023017573880894,-0.194457365289985,0.184192714563288,0.134888732335999,0.125252480187076,0.064247323969107,共富、共康板块
-0.165481343675307,0.356427862342819,-0.086531285873933,0.920758022227894,-0.284089058173480,-0.720585816793761,-0.217728143726834,-0.527920930116762,0.251024236948010,1.528157089796810,0.108853607856545,1.414452214452214,-0.095796610833085,-0.411725257659184,-0.155301862124462,-0.255813664904574,0.205343783163820,0.121302514850290,0.045567968426676,-0.120740985775719,0.118522333308423,-0.191115702479339,0.110327396856270,0.141306683859875,0.262226733553680,-0.488017217139273,0.077529131883772,-0.607380293010213,0.787653747047242,0.743722390141828,0.781837031207270,0.315102700320709,0.373972330977985,0.147182738662578,0.663907466783530,0.220066844315975,古北、虹桥板块
0.177481060467342,0.023701191264064,0.179615014302701,0.035528666558389,0.113728339994738,0.350555262223992,0.126057805898144,0.328565738043668,-0.031770396739860,0.259312868691282,-0.008430817143191,0.301705312231628,-0.060979275995195,0.042672596357476,-0.098273559382396,-0.040681177044813,-0.106750423508164,-0.030174754937883,-0.058192533591113,0.000029017300114,-0.101285379619130,-0.046824469996407,-0.064031635709516,0.131256242019696,-0.063730013589920,0.608277637185560,-0.077129766593202,0.334812653428499,-0.196307488134334,0.016081531426800,-0.112335853787804,-0.084241192743653,-0.257012072375907,-0.289047283577141,-0.130933978725142,-0.119875645484245,顾村板块
0.168984821517946,-0.158793845135672,0.118652358380916,-0.091562449244762,0.246852016588776,-0.061888151232137,0.155049444769459,-0.072758732292678,0.285558591675708,-0.045380889957032,0.183046213969890,0.020610967979389,0.408593309758222,-0.147995199774107,0.210613702967446,-0.245100472373200,0.616262054327693,0.042417084084110,0.915153875439349,0.506148765894226,0.547740350717584,0.333385734818541,0.376713684879696,0.067603443698563,0.364805462812274,-0.073053879263729,0.378756202719302,0.039006875343986,0.447289422918368,-0.120514609005658,0.348546739877553,-0.083164002252307,0.692994637741199,0.628721008937328,0.677193254847437,0.598399650723394,花木、北蔡板块
0.093580700842055,0.123469556585043,0.189059048853970,0.168362374997100,-0.018230112888878,-0.175191074257126,0.061836527614006,-0.102696243184704,0.073949484282937,0.435829509868181,0.112038950770790,0.199631947000368,-0.019324319978299,0.000670619793873,0.031727817433869,-0.059667105121651,-0.044905048480973,-0.122681932218879,0.102333818756131,0.011055591343559,0.008017376668865,-0.223904060366511,0.088805294145965,-0.247563241931202,0.143910541415701,-0.033039171154803,0.387103258166681,-0.018214856683586,0.170241763568779,-0.082151437650159,0.395247195561173,0.202536293975078,0.270053039099561,0.573881452626635,0.368117601398452,0.428277855562079,华漕板块
0.026453088797904,0.278995698213104,-0.008722071995317,0.079613216083900,-0.125167579216418,-0.338437302542175,-0.078054194089640,-0.217964996141111,0.045124486974319,0.636197290801835,0.026830303136847,0.283351735983315,-0.081827728301739,1.117005506141465,-0.066479602218449,0.800076936440573,-0.292352464257229,-0.145614745971670,-0.175855457768768,-0.112732210944165,-0.269203526021139,-0.258376751706791,-0.165140546543611,-0.027275255685769,-0.206206063453182,-0.165304003633768,-0.148688597185482,-0.158167856238042,-0.191678437963774,-0.091160970316981,-0.116424016454425,-0.095013097657111,-0.219552114270377,-0.208929040100562,-0.133847271472047,-0.163158845580597,华新镇板块
1.658768582470892,0.059935473196559,3.911599863336494,-0.032164319357758,1.555110069788129,-0.002250478226623,4.425860713557516,0.064480792690517,1.505921643907861,0.424268079528075,3.377083557592716,0.966654398233346,1.077813247646334,-0.155477904842581,1.294822931881140,-0.185743594834504,1.534862796538109,0.348647739910855,2.562783913965538,0.774210584350390,0.946675916027930,-0.393123427955444,0.970479768863677,-0.375753783138013,1.762184789356240,0.067646486276037,3.317561098878525,0.418854342299527,1.779959192836694,0.160427807486631,2.107309093511162,0.424339608783999,1.892092564606758,0.392510325583965,1.729031690990468,-0.188150188940578,淮海路板块
-0.007153442563716,-0.351877895433488,-0.063996235716868,-0.298817838000882,0.189167178279228,0.127844474643169,0.071255021120987,0.103505365100705,0.109814409595591,2.521711819969412,0.020735506438234,2.250079744816587,-0.215154349859682,-0.424361146406890,-0.209399064945036,-0.234387279841825,-0.059208748327390,-0.001206990197515,-0.112306304359441,-0.181735350616037,-0.065219369072259,0.339112468559109,-0.061612089227786,0.339344635339629,-0.124381323087764,-0.302759933380918,-0.112316242909569,-0.343374072876899,-0.033933123138695,0.164690382081686,-0.019269219670283,0.355154601317110,-0.112890426705099,-0.105465998093738,-0.137895486378135,-0.114756936603285,黄兴绿地板块
0.971452148840434,0.003019523494375,0.861069339347336,-0.032106313371540,0.966346334557027,-0.011685175407466,0.952406439226099,-0.122301889610875,0.950493097362688,2.385887772194305,1.073374112293048,1.436339099496994,0.055861547259988,4.718798531695608,0.162085374817078,8.831744968108604,-0.353011357269509,-0.007069514014018,-0.224651560222751,-0.184869219028385,-0.352447777391485,-1.014754761049227,-0.220564153564697,-0.544209302031580,0.270179353388252,-0.059210953215236,0.053305701763923,0.131959429355185,0.328523491932936,0.792063861117570,0.021146583231386,0.477807427718070,0.010225634981299,1.174215739090796,-0.126697572928525,0.577774264938349,控江路板块
-0.107997451128315,-0.059025479814692,-0.084419130061013,-0.087966078099260,-0.156778970844349,-0.004414399598376,-0.106764782456902,0.001493763537232,-0.150578253880125,0.771110989731265,-0.088700571917484,0.436069193963931,-0.223334326116776,-0.292637300578851,-0.175343899132563,-0.126179898907172,-0.172089328912589,-0.084230673069462,-0.113054150718409,-0.033863189233421,-0.150413134526219,0.017741645706073,-0.110685547299604,-0.037325697525948,-0.132786940254685,0.028821404624402,-0.082588458239435,-0.110206435042414,-0.153553342353028,0.118770828489499,-0.050265017528693,0.187945259137758,-0.233059871749240,-0.008080891798931,-0.131085731237813,-0.115133312256297,惠南板块
0.054664020137063,0.253515883520847,0.069133140741469,0.316857699714611,-0.095936752158170,0.014974335892531,-0.076264818578701,-0.028319267060024,-0.097899754812129,-0.030997378195324,-0.054466618583295,0.001521285731812,-0.041137589997217,0.155336721728081,-0.059954193027285,0.068808477899387,-0.126656955091656,-0.115095136691640,-0.067620823906263,-0.118883878568402,-0.088386094765880,0.245800395256917,-0.030625576713898,0.205907637071592,-0.125085985604751,0.383221941037787,-0.064872115360194,0.422698244909013,-0.211724410590790,0.104917461055568,-0.112263467131570,0.025191568536245,-0.296514240035476,-0.191109637672151,-0.167079738635514,-0.120327296267859,临港新城板块
-0.280009668133977,0.081858041032429,-0.188541885986512,0.120739460312304,-0.360254595116084,0.136500160130181,-0.248241314089807,0.266761271690691,-0.352583060868766,-0.290537834098026,-0.213700002832212,-0.283008219850325,-0.319424577123193,-0.454856699138783,-0.236677966254490,-0.287332787332787,-0.299916287102281,0.071815916752162,-0.145749547729135,-0.205181329108414,-0.309753418960324,0.474645167085879,-0.100832116016418,1.077198771191261,-0.325428250255860,-0.207373521078018,-0.186042950725012,-0.359710658967213,-0.337741857937828,-0.296248934356351,-0.133610436347365,0.139422723823047,-0.385992192924619,0.275648198030196,-0.219642320882932,0.451086220134592,书院板块
0.035828249017928,0.210001654533422,-0.006080380520116,0.117781155015198,-0.098956310375503,0.093827630679212,-0.086441756379109,-0.019356685836632,-0.123761208545166,-0.002230354671910,-0.066008520472585,-0.001521285731812,-0.079534538376673,-0.111781730904984,-0.072827770523359,0.044900272172999,-0.057494940972520,-0.043796501452699,-0.069967820879280,-0.154923365310398,-0.045415555172873,0.218401904419691,-0.016323582681711,0.241747891935627,-0.082286126537255,0.128966322756473,-0.061140468793144,0.041715079455214,-0.125977713010810,-0.163818491823607,-0.060086155271614,-0.105050554508287,-0.097048715450190,0.031149420524084,-0.026488701036707,0.013963536726736,嘉定新城板块
0.074598442844482,-0.025107544672402,0.014007250996581,-0.098465161604678,0.032926966784860,0.003375717339935,0.025115484002913,-0.008153459307392,0.029798733054881,0.311748962202316,0.027020424508797,0.125825052140842,-0.022288687442408,0.101263588874771,-0.018635774973204,0.372045599318327,-0.090650521722508,-0.268296678190549,-0.113914798831356,-0.316317588546291,0.045821703940293,0.285101509162774,0.022110857473439,-0.008754630156382,-0.022272368840495,0.320171738801289,0.059204114834848,0.479221085553042,-0.114534224177152,0.109567542431993,-0.039377439164276,0.011873577006879,-0.185768133362119,-0.014711367121131,-0.055388334013368,-0.102110714662090,黄渡板块
-0.130678502806444,-0.367182329583058,-0.130029243000782,-0.363146476716397,-0.032651322466265,0.080324761319473,-0.019484465882605,0.040082654915727,-0.061502601265494,0.652128395601194,-0.027353861587583,0.662691694270642,-0.154524645499405,-0.206233234505153,-0.159321436268181,-0.110792610792611,-0.108019300107443,-0.001982912467347,-0.098001195698592,-0.044425486475036,-0.112738774860366,-0.061085159899389,-0.091992786669023,-0.115643291488097,-0.071649078066540,0.306653256332057,-0.031030103035011,0.125407322634471,-0.154089755892105,0.141439975199566,-0.048720368050314,0.050407618674566,-0.239449070211164,0.243877170444656,-0.085162932429116,0.044224139228882,西北区板块
-0.090248124357594,0.543307412309729,-0.075265856188072,0.308156801781944,-0.251763497174646,-0.573958504643775,-0.174218966942951,-0.435992232429606,0.026133615898141,-0.000227587211419,0.059661791642084,-0.009127714390872,0.085435307574099,0.771248058732176,0.085181630174693,0.642564051654961,-0.174198630272429,0.283901337172712,-0.106755152175082,0.225203266187301,-0.236467935367110,-0.729765540783327,-0.148971899325883,-0.423540789623393,0.125069207925776,0.949051543269959,0.120068569884989,1.505892527977496,-0.121527467353276,-0.265151515151515,-0.099698370094191,-0.188679707200039,-0.035578207873593,0.117069329907588,-0.050399609025093,-0.019308070999503,江川紫竹板块
-0.213175029846701,-0.578218067504964,-0.134083029575400,-0.403692661082624,-0.004949068447496,0.324934433182436,0.029817508460043,0.299250628625488,-0.107588727889848,0.170553856237710,-0.056090152792277,0.151686909581646,-0.108073566651425,-0.150818862064097,-0.106623700304756,-0.109510336783064,-0.073215827670079,2.064384305678888,-0.027585432524816,1.965428788643790,-0.315634453112562,-0.411089651455264,-0.197467744061190,-0.169245647969052,-0.239828532120866,0.090790128263362,-0.167221442154468,0.095791800256843,-0.275140411210646,-0.193172130512284,-0.162200039225872,-0.183342717947462,-0.309642730025732,-0.536861298744354,-0.190199667202074,-0.340582328410340,江桥板块
0.167764097530964,-0.380418596955658,0.059188207561097,-0.390409290238753,0.582837382381316,0.551194051812933,0.694028890134655,0.608833121716832,0.195527347459154,0.685629233122132,0.181995516307153,0.275107348791559,0.006264323697741,-0.205386135818156,0.060116597775456,-0.173624037260401,0.128436678114021,-0.185272995318602,0.314480482741073,-0.012970733151105,0.262120291517339,0.224914660438376,0.317208485849019,0.263429033766956,0.180771102125732,-0.398578937122834,0.192244836987999,-0.463408668000384,0.514460318311767,0.264570254979462,0.666212935401679,0.081205474086224,0.415575057035995,0.139447184120012,0.854560614041769,0.453495024313867,金虹桥板块
-0.101649686396008,-0.147708471211118,-0.098232457454873,-0.228804612636024,-0.116334431734179,0.392189109416520,-0.062967539223930,0.356511564219384,-0.196180536655405,-0.264319787342510,-0.115767631578952,-0.168666421298000,-0.082065437013484,0.346428067203162,-0.072758346457370,0.252918207463662,-0.206777448931837,-0.122423291462269,-0.124085644405237,-0.127472999402244,-0.176357917788991,-0.071864893999281,-0.097603307369631,-0.051295179580536,-0.138491351106488,0.326768758246274,-0.062633398929123,0.244743026374414,-0.214625017135432,0.102883050453383,-0.091927866961599,-0.031360932259407,-0.299460856677733,-0.524981697125413,-0.117655300588622,-0.212012405341523,金汇板块
0.056739250914933,0.336325281270682,0.058193195383922,0.283968305529131,-0.116071316702793,-0.052366897196423,-0.076564440701965,-0.002489605895387,-0.095214421449765,-0.115204646420508,-0.062035239567507,-0.155563734511103,-0.005383403177746,0.001023577580121,0.012395196982633,0.104960332233059,-0.030041065460849,0.682725383865989,-0.022615851060076,0.534875893007411,-0.203439917600538,-0.354720625224578,-0.131644775852369,-0.240294054436733,-0.082353237253158,-0.078353124391668,-0.031052934487037,-0.078756322782985,-0.067369567074540,0.073626288460048,-0.002482850284471,0.015056185276765,-0.118754485567413,0.096625364330805,-0.002480031546748,0.072075937551752,南桥板块
-0.078907598518529,0.164088352084712,-0.022219593779394,0.198641499802780,-0.185972210040971,1.720923388527754,-0.118627301051993,1.396233226280279,-0.313319132516363,-0.642114558298740,-0.187066300540079,-0.376150165623850,-0.136486749137607,0.107758012141748,-0.111195382640479,0.145538100083555,-0.201289969612877,-0.101128535834677,-0.129361434224093,-0.125789995995613,-0.176910280112682,0.164840100610852,-0.104716179816498,0.145541775704479,-0.187398285321209,0.702907014470184,-0.116716295661331,0.594450802414670,-0.292484448974159,-0.172924901185771,-0.155945567591287,-0.184175092418048,-0.340771838513738,0.040818863702292,-0.176263987337930,0.144641163452419,奉城板块
0.126344932652658,0.155402051621443,0.110590484748041,0.232400983781526,-0.001653865911568,0.389332733205806,-0.024347753899880,0.078235865262529,-0.119394517807268,-0.323583497196126,-0.042074456405911,-0.191632928475034,0.072864711582427,-0.185761682902725,0.079256574937543,-0.062521198884835,0.204964768075724,0.010086989507807,0.160676191802879,0.033340877831363,0.185650601587554,1.751145346748113,0.131794024546513,2.237045043678334,-0.159513782863279,0.003839249021262,-0.154988720398806,0.167340805647042,-0.176420452852230,-0.285980004650081,-0.156879379505431,-0.215658432687835,-0.115399427014348,-0.009600375726935,-0.165207605880372,-0.217733315267302,西渡板块
-0.130800575205143,-0.136954003970880,-0.119832762919221,-0.243016079259380,-0.158157192437322,-0.123343518189923,-0.094740897126003,-0.095912067119775,-0.115306037282588,0.764556478042386,-0.050412855805967,0.674567537725432,-0.201185467328336,0.074791754906113,-0.172784268927948,-0.033732079186625,-0.256626172474936,-0.076471450371149,-0.142019096909158,-0.035662261840509,-0.243632399624394,-0.051428314768236,-0.140733046450882,0.004582748637817,-0.216323003875644,0.070566478489391,-0.126809525242293,0.036910201193357,-0.248458804433557,-0.245194915911028,-0.120262914107136,-0.130315567850760,-0.252023246179609,-0.100631276504634,-0.125919480250088,-0.077947397738735,金山新城板块
-0.272099376698332,-0.770474851091992,-0.188316481603415,-0.552652033689877,0.831894553518850,-0.076775930269798,1.916895728674091,-0.012696990066472,0.917894118031288,-0.135323355909985,1.669729610066863,-0.111839038154828,1.307551726114819,0.021777495411549,2.638748837444183,0.352604670786489,1.339307489997298,1.069220887827504,1.313607496232680,0.287764565233792,0.354754702390429,-0.427596119295724,0.796960869499217,0.097249086610789,0.882094860996930,0.051856898751974,0.754305573735013,0.296810434448356,0.894658314509191,0.018503448810354,0.493608276291065,0.010992239332142,1.096506071197260,0.100078736894451,0.735717066838561,-0.001919515830360,静安北块
-0.187161401684111,-0.665742885506287,-0.169265271214307,-0.523765052553423,0.413303597158358,1.444547350927456,0.446467555247111,2.073094829088554,-0.088513184140082,-0.192675333187678,-0.088286908735108,0.118954729481045,0.040410480996587,-0.168749117605534,-0.130622909074259,-0.345738300283755,0.142509673124205,-0.453138605581467,0.570923224717102,0.002408435909489,0.726835711198984,-0.230641394178944,0.555842060436019,-0.397687766273498,1.082202238142375,-0.173739536694569,2.352999264185495,0.201673844863585,1.447164259759249,0.247713709989925,1.817190589941508,0.200871545033907,1.392393061155424,1.473415938005056,1.978272639586315,1.331654697920901,静安南块
0.126149616814740,1.713145268034414,0.066581551151144,0.664719599062623,-0.244684449901645,-0.522803403415533,-0.132100082208304,-0.324208927726741,-0.017303465652530,0.193585682033355,0.023315189161302,0.066347687400319,-0.030342817910932,-0.271742199632924,0.001841946181490,-0.139995367268095,0.139938962091900,0.784112560457277,0.158826783405299,0.915524835907168,-0.129049709359942,-0.438263564498742,-0.089299578895854,-0.169688120251324,0.082672013153700,0.163032898578937,-0.000372152668021,0.065390025072728,0.023204852357140,-0.030903665814152,-0.009558225078708,-0.030675447401278,0.040625382914291,-0.102150760432639,0.013237351683582,-0.158943438266865,九亭板块
0.752185706298692,0.097907015221707,0.549207458133131,-0.197829415995731,0.615263177677822,-0.161947875461997,0.994646349012602,0.054833569845893,0.817798921753982,2.712885077561721,0.757930103096767,3.623113728376886,-0.019659908747820,-0.240964280672032,-0.112890666235581,-0.314260541533269,0.124316948895583,-0.311058616616806,0.387889432576331,-0.053478884110707,0.408382585640529,1.138497125404240,0.438553709127154,1.145781974943426,0.020376491116219,-0.228354205870266,0.018664835444346,-0.317515091685813,0.128997522564136,-0.138824304425327,0.169792100833794,-0.052170294024041,0.258149874841729,-0.119555758153413,0.323856525931283,-0.245509838459570,康健、田林板块
0.212381559255163,-0.084174387822634,0.118533020779241,-0.049218079305784,0.231616403342814,-0.023976248799024,0.119743249015224,-0.002676326337541,0.240391768364596,0.073328599519336,0.105450350042433,-0.024193350509140,0.272959515409817,0.332874488211210,0.153706807401140,0.328489646671465,0.063608619132682,0.689105189195713,-0.010941432406206,0.790170099413270,-0.153223683996764,-0.296218109953288,-0.147901858143921,-0.271456745173891,-0.034520074492895,0.208130556096295,-0.043823491204473,0.068360313452786,-0.099753051100343,0.071107494381152,-0.049304631775633,0.134330550591231,-0.156272792517344,-0.029077396985896,-0.114781556812808,0.074484741731027,凉城板块
0.137123925457710,-0.416073792190602,0.210686993545462,-0.196147242395415,0.605803565835140,0.127411690368819,0.429256823022023,-0.368897353548933,0.460673776752029,-0.121395018571116,1.289759174536995,0.402797202797203,0.700863162280941,-0.121523365805450,0.784045842262338,-0.101361692270783,0.949136175177478,0.031899026648619,1.136115624995004,0.175351544590885,0.872903053913812,0.198414480776141,0.811366037784199,0.001169391031719,0.728478432293676,-0.102902688555793,0.928473269195136,-0.167515528492928,0.903519071488031,0.077695109664419,1.174676528743352,0.004822875608980,1.025699748516480,0.126738773085796,1.767409079359498,0.632424009755657,龙华板块
0.752783861052313,-0.013856717405692,0.608569433615061,-0.106411981716513,0.759387568441231,-0.057906535908111,0.818257752655375,-0.402693753578808,0.812525023799069,-0.070324448328600,2.527872176780750,0.614255919519077,1.058782567841367,0.599922349287025,1.292096480062818,0.635366771730408,0.447204846119874,-0.287005026252037,0.366835919581851,-0.163396416943782,0.845756070299478,0.042669780812073,0.581156078063705,0.070890380652583,0.852549368320386,0.312601388618519,0.578847592702298,0.262390033808871,0.636782472389603,0.672711772456018,0.384540463593726,0.534653707738634,0.291496239416978,0.221499316232232,0.152786118364471,0.189354591030215,陆家浜路板块
1.406249618523754,0.766007610853739,2.854922375230566,1.995724958815750,0.539511107213111,-0.280790437198674,0.451602298431848,-0.311449697512884,0.953117950243918,0.065408564561940,1.033038030225274,-0.056827383143173,1.014498833129883,0.453091910207539,1.441664910962616,1.186785959513232,0.520832646711797,-0.136820960246916,0.194987738494373,-0.250100109685394,0.672574235871709,0.096568451311534,0.493760290442137,-0.303061908193322,0.632409442477728,-0.179363225401769,1.402604654007609,-0.630268985821241,0.883115489834963,-0.290242579245137,5.419429088366178,0.776923641883125,1.687083899803364,0.470004005912174,3.377422807740542,0.559632958463183,陆家嘴板块
-0.028418454416946,-0.047774652547981,-0.024961963883433,-0.007975823104944,-0.070502299124203,-0.066648778249994,-0.065500914435577,-0.051161401150198,-0.042427057515728,0.510113975675479,-0.037434812880585,0.094074346705926,-0.120518316854526,0.276260059296908,-0.072722671774194,0.288035969854152,-0.223289323639336,-0.292350268555319,-0.130039708243780,-0.221024774970838,-0.130349385415685,0.197628458498024,-0.070206539302520,0.127400412131326,-0.151846383571297,0.352616096727446,-0.081902033719611,0.497479622948099,-0.229525393220925,-0.341587227776486,-0.129193527637316,-0.249198227532010,-0.180224993144011,-0.087922865470418,-0.077013178161538,-0.054913207774415,罗店板块
0.251212789281067,0.192298146922568,0.326538161156630,0.090982389382584,0.090611805094408,0.055482943971748,0.228004233338694,0.159645978041676,0.058914036672945,-0.098909402082878,0.107989109779610,-0.005986995460680,0.177750184923395,0.307390936044049,0.142395894281123,0.302844166480530,0.001433665768016,-0.131992999456854,-0.009100917560088,0.045876351480753,0.066762734388454,-0.080511139058570,-0.031811442310134,-0.179864982743581,0.134145932251732,0.465955053749486,0.096212170783112,0.410467645697013,-0.021615478908021,-0.333449585367744,-0.004764112148382,-0.238622175435160,0.188364656937969,-0.263630461508709,0.227845843976376,-0.165642924890475,马桥板块
0.332329898216034,0.140676704169424,0.320578764618145,-0.122131603981531,0.190395048425695,0.207649894833421,0.461913158241896,0.339146563099061,0.074312367169743,0.704382419343092,0.171978677692047,0.756029934977303,-0.074878244199558,-0.297578709586333,-0.066600103370509,-0.258378212923667,0.091935877238661,0.020432619772224,0.283751123486331,0.144361068068783,0.070661762555683,0.071191160618038,0.173880183334032,0.005278062224245,0.069853866416120,0.142809248804966,0.219198415117117,0.218359876645671,0.017840716966363,-0.011915833527087,0.130121808345169,-0.034298724508532,0.023587520349159,0.168731783459727,0.239350595229790,0.449505442391942,颛桥板块
0.426936007207154,-0.275190271343481,4.313730961499165,1.204117264901738,0.806422512623257,0.731318866797656,1.271086758123912,0.466427664500709,0.247576849523353,-0.417349428300925,0.512939788459196,-0.084652189915348,0.870391422351051,0.116793731469716,0.797228373840011,0.296267341721887,0.741139286396984,-0.054659413230337,0.371853683831724,-0.309875747920910,0.792794271027946,0.336305246137262,1.004060725045978,0.880930708840596,0.558050769256581,-0.029362143923172,0.321296472525852,-0.564485834345270,0.628497863286069,-0.032066186158258,1.304630176392934,0.495727960437731,0.827284503130415,-0.007666487091293,0.930721711842997,0.112573957815817,内长宁板块
0.039295105140957,-0.426083719391132,-0.026837539885675,-0.387450984941646,0.410309097515442,-0.254044369043806,0.376511154599423,-0.317798192546120,0.718114992748390,-0.116934309227296,0.926562388873845,-0.230842841369157,1.019266990230172,0.230940279542567,2.186070744074568,0.700969564605928,0.732866870126360,0.551853161021114,0.660412391054276,0.590182867025321,0.272338994505619,-0.233448616600790,0.205170531836464,-0.215136344673266,0.494429810580004,0.091439015421885,0.534894455874294,0.063293350922100,0.463302360418244,-0.052507168875455,0.474734357505118,-0.016427154993023,0.635054235250871,-0.250507645766856,0.756913982232113,-0.153975279647110,内徐汇板块
-0.230765662499115,-0.740858702845798,-0.181017031561174,-0.542268962156895,0.812398982621878,0.121352710527910,0.815526383347811,0.156347250230289,0.640712072992683,0.631372441919744,0.505976145616397,0.805545331861121,0.314642437157507,-0.398736411125229,0.088179775849963,-0.346896483260120,1.103296442531426,0.041123880301058,1.914021850172566,0.206167917312302,1.003861662480627,0.280160797700323,1.345559726008180,0.015328504064424,0.770858849386776,0.199911318755002,1.480030674117503,0.425581171866127,0.648702773257997,0.688018290320081,0.895892308567866,1.918892452322080,0.293713495504221,-0.226610307626428,0.066881976005239,-0.052128027942128,南浦板块
0.178482054136667,0.582685307743216,0.178758497603055,0.615820552681037,-0.090774685828123,0.370117111424639,-0.069164372676187,0.227487738690965,-0.175605076973508,0.092354890393999,-0.102601513430915,0.118218623481781,-0.157419098636531,-0.299555273189327,-0.144706367968320,-0.123491259854896,-0.051925067069192,0.128975523963066,-0.070995982974185,0.051447673102704,-0.104648291413365,-0.235132950053899,-0.090136810683997,-0.139157532774554,0.003632367498280,0.075541280038068,-0.017559422926535,0.001878270593271,-0.025191569168539,0.005909478415872,-0.010278845063445,0.018287756750802,-0.039575103715071,0.141795477463291,-0.015659392885078,0.055590683949837,南翔板块
0.149746211483106,-0.236474189278623,0.159106707762040,-0.139011345970904,0.306178191522684,0.027784750413309,0.260639830250448,0.018049642741554,0.274212453414909,-0.280797101449275,0.210635638495005,-0.165869218500797,0.661291653208159,0.152724834109840,0.499060051375394,0.216187261641807,0.507517681877806,0.264244639670319,0.255643898416909,-0.114995560353083,0.277781387989044,0.167310456342077,0.363100950563308,0.170257013185674,0.220886532557086,0.046665801483789,0.284465514597357,-0.094044571797985,0.210989325370572,0.445923428660002,0.344350598444656,0.761353342962763,0.029013962878465,-0.018302874587322,0.044297513845028,-0.177385845264442,彭浦、永和板块
-0.151247701987095,-0.319035407015222,-0.092631373063222,-0.211750852687997,-0.105108190395048,-0.115207173832132,-0.063358678159638,-0.106679612617323,-0.059095478116348,0.027811157235453,-0.014302754081143,0.003680529996319,-0.018848902554809,0.317273754059015,-0.012340156042876,0.108889881617154,-0.152776038336552,0.167168142355872,-0.043698859123961,0.267800662755135,-0.198777329750560,-0.034584980237154,-0.110533049022695,0.017540865475784,-0.171392379578209,-0.204345381004910,-0.096689903490095,-0.087754549346100,-0.136209304589514,0.036328760753313,-0.070546267584682,-0.033025681200578,-0.188831447693178,-0.145110715124390,-0.082837541803040,-0.041137858874185,浦江镇板块
-0.170620591660502,-0.524693911317009,-0.096710304349898,-0.370745260910926,0.050731083908636,-0.059204888731163,0.096741266866306,-0.211180820076182,0.080082205069958,-0.212156798485180,0.250405789770403,0.044215433689118,0.290535977213523,0.267294931526189,0.266783095242197,0.241088195633650,0.108052257941190,0.106818632480106,0.091010639096687,-0.214350795944542,0.041727724364702,0.059737693136903,0.266142453259510,0.250344496276912,0.046063117628307,0.043745809270435,0.158832179374155,0.393432168223156,0.029880220843441,-0.234054095946679,0.040155776084216,0.025583274169462,0.187372726583150,0.521804594366859,0.053652845175199,0.167675353416738,七宝板块
0.371429687519074,0.518903044341496,0.341858075881333,0.610658019907654,0.048099933594778,0.158139373847712,0.015357852094015,0.079667388652376,-0.019831549763945,-0.095085936931032,-0.012653472493538,0.043970065022697,0.078709549318265,-0.123711704080192,-0.028164199717024,-0.157947203401749,0.152792517253426,-0.053797277374969,0.138922227198358,-0.061081416740661,0.178307431872606,0.487109234638879,0.173830859309918,0.550530334635466,0.025527238561817,-0.083652369519607,0.000372152668021,-0.132833043584614,0.060217386553503,0.036813144230024,0.049885167948886,-0.004822875608980,0.050982302795493,0.053665409639053,0.088501709893100,0.032932869638529,祁连板块
-0.018774734919786,0.099644275314361,-0.029401901393236,0.008903918884429,-0.114354804355180,-0.030294899204543,-0.076205698924214,-0.026327582343715,-0.101008451542434,-0.079518971669944,-0.054996912275458,-0.020954484112379,-0.026958964484920,-0.107052096569250,-0.051592840061641,-0.055985737803920,0.005899452240803,0.422877637058048,0.003268999333389,0.304362460899188,-0.137221422560427,0.261408551922386,-0.085115741085687,0.164378452864060,-0.169110615237488,-0.055858369562866,-0.102740361690186,-0.003276053360357,-0.173460244803245,0.169534216848795,-0.091826982568608,0.035914510245550,-0.267573213212512,-0.601232163330709,-0.140835441352742,-0.280588049320265,青浦镇板块
-0.314653814884532,0.027341164791529,-0.211252749566780,0.021085175990162,-0.393620086953253,0.000000000000000,-0.268282257906924,0.016742599646476,-0.380404082190555,-0.042558808535431,-0.225514383602555,-0.046276530487057,-0.287319918172272,-0.574932938020613,-0.244450743574217,-0.376347421801967,-0.091144889228721,2.937124432068005,-0.001205695394331,5.073587873089936,-0.342456517712960,0.235357527847646,-0.222239777706256,0.426132412990986,-0.339873831854101,-0.962137434300175,-0.228095523438435,-0.828841500170355,-0.076528331575089,4.607358753778192,0.055517980093886,8.076407080079321,-0.468264063530222,-1.043954525990082,-0.307910736283639,-0.598926576637610,曲阳板块
-0.160354302929982,-0.290494705493051,-0.157175653744304,-0.178165386667904,-0.136456466991593,-0.486536081224953,-0.183113637612531,-0.511614011501979,0.186564140155048,0.158173111936494,0.240141026065776,0.569795117163538,0.173373548054214,-0.437208809826345,0.007266649830481,-0.319720546993274,0.925785549967372,0.669707132449931,0.945223760966733,-0.134553220630140,0.326243058917565,-0.384028027308660,1.267228301340495,0.378218985853529,0.761731792023891,0.723346959963662,0.790313488671292,-0.264399346536556,0.343960281557506,1.110691312097962,1.204783485799632,7.196342448649840,-0.060814083077085,0.282416808254942,-0.171161947881921,0.186795236589735,上海南站板块
0.017810362970070,0.512202183984117,0.027432232281981,0.303574328870739,-0.178467167002869,-0.246860150089586,-0.102305736684443,-0.136119202330271,-0.089807466436357,0.193221542495084,-0.043718793132721,0.100061342166605,-0.096817360007047,0.093710292249047,-0.080973716354399,0.116252616252616,-0.159581831005412,-0.108284263434232,-0.099643012844337,-0.108843892728845,-0.128091198268831,-0.382006827164930,-0.073713999671421,-0.330621610346266,0.047338221230475,1.009398049012610,0.180703352869075,1.016144390959840,-0.175685367632012,0.062485468495699,-0.038790049104967,-0.058584473767963,-0.244116977763255,-0.572361968698631,-0.017592404393473,-0.327183355163121,佘山板块
1.033098710183035,0.258396757114494,1.658575989699608,0.672840437133112,0.687669928457770,-0.101184963343172,0.642169191124062,-0.168608559265068,0.801626441098664,0.151800670016750,0.845942231032865,-0.050595019016072,0.762387770026609,0.081780319073839,1.168953476147357,0.219289537471356,0.683199414668873,0.106991059651180,0.687720772564578,0.218993563962835,0.542362941036946,-0.186287279913762,0.429304352068710,-0.212923983261906,0.783559552371525,0.176983972487184,0.914199662454876,0.568242375531813,0.679020071799945,0.940478958381772,0.451951318795295,0.798320562097584,0.210566392232602,-0.474700592598732,0.103867596088225,-0.436859220450747,四川北路，四平路板块
1.156880122463030,0.008479483785572,1.216730315549473,0.011224158333140,1.152005312417776,0.647358717573638,1.233825074042466,0.941133268603580,0.473314197309102,0.313114485470832,0.273935654095188,-0.213863329652803,0.346019987107798,1.173337568826768,0.740514348068778,3.585093357820630,-0.112781707083957,-0.679363054030054,-0.140160006923911,-0.566214577130885,0.944531450535954,0.085676428314768,1.389043669610835,-0.327966776652634,0.902748183816251,0.173955832414077,3.717058318217471,1.948028689491295,0.794150311020517,0.416957296752693,0.963143840979550,0.774328592063064,0.577143007182743,-0.635213349356982,0.448388681599943,-0.602765608298330,北外滩板块
-0.055603977607039,0.237549636002647,-0.046770112344678,0.251252929302304,-0.181599488805082,-0.232491712181146,-0.146523008038560,-0.187903004954316,-0.100548799885813,-0.109742553346442,-0.075610843343110,-0.144473070788860,-0.014360402762455,-0.088910066356064,-0.018056939082058,0.000930682748865,0.010035660376115,-0.089317274616134,0.002607499227218,-0.084759533633953,0.049785715910309,0.441969098095580,0.036011295921073,0.297625820153980,-0.057404828616009,0.334122812709536,-0.033556002108589,0.382424628932356,-0.147195848556551,-0.122742772998527,-0.087360773976405,-0.114696305726247,-0.145915872636142,0.277858356470929,-0.071270356499758,0.187623263026361,泗泾板块
0.041223849040389,0.356758769027134,0.032449799704907,0.261345970904197,-0.132384448648716,-0.093481403259731,-0.090094071648193,-0.099957676699778,-0.097669928983819,-0.040647075959508,-0.044292567497392,-0.026597963440069,-0.037474079263271,0.377205986164055,-0.035555767565101,0.400048809139718,-0.180065124679485,-0.184669500219845,-0.126914806959386,-0.135539808834027,-0.121479096335238,-0.123854653251886,-0.098616132683621,-0.105340008343763,-0.061045584953777,0.142268509506197,-0.044311837451317,-0.015244568303529,-0.108554206574841,-0.198112841974735,-0.032291001957458,-0.157685998971773,-0.053403779838140,0.298440456950258,0.067634073011667,0.170234707857218,松江新城板块
-0.160879214244384,-0.480269688947717,-0.066345071121070,-0.301776143297988,0.014847205342488,-0.234569076698029,0.069610297888566,-0.185911320238006,0.160569629363515,0.595413662515476,0.188511222966894,0.466151392467182,0.004069013830452,0.724657630947339,0.002053389462408,1.548097684461321,-0.211935349913321,-0.274417842763663,-0.187367878694119,-0.230426380207880,-0.122730034538891,-0.298351598993891,-0.157543370208206,-0.353440538046295,0.009353556029059,-0.289565894490948,-0.004229557341093,-0.276892030017385,0.152023570408250,0.309424164922886,0.110404981818023,0.365877543026416,0.026388264880414,-0.131159089967262,-0.018502697284265,-0.096766180389323,淞南板块
-0.314653814884532,0.027341164791529,-0.211252749566780,0.021085175990162,0.105997769786877,2.889527486129264,-0.042494702084505,4.086003435656134,-0.269216765673214,-0.305831694705411,-0.200763564942485,-0.239528892160471,-0.182811982197016,0.069003247211633,-0.212759280341298,0.112612612612613,-0.237296402982025,-0.518919571346053,-0.201431735699501,-0.478060019383556,0.019795690924037,-0.413560007186489,-0.046918404415867,-0.196173246861607,0.309153901649246,0.101821209958255,0.085016614015693,0.240724400919042,0.271186844755962,-0.073626288460048,0.020865814390345,-0.060249222709134,0.399616648092284,0.902504385783156,0.083625410631634,0.717635457597519,天山板块
0.235770630845742,0.292066512243547,0.217442639299135,0.537048423397295,0.034367834813877,-0.067168119379214,-0.033678857620908,-0.215911071277417,0.067538553282699,0.109833588231010,0.084076871305411,0.101337259231996,0.079912075742385,0.233763941832557,0.049149067637625,0.398435625708353,-0.048958862031916,-0.156994939262529,-0.083847389989189,-0.213248138540198,0.023580997436389,0.715729428674093,-0.003032092832966,0.516839230856753,-0.125220207036559,-0.384303419635325,-0.098172466912721,-0.413175849808242,0.006059486274767,0.124292800124002,0.038216246574154,0.053198521311235,-0.053082861193934,0.064163662232536,0.034388274734349,0.066355027625973,西城板块
0.423835368280220,0.786441098610192,0.306974577369027,1.165891319984222,0.001653865911568,-0.148358449247388,-0.088074201707718,-0.123608932705953,0.080130589454865,-0.332140776345496,-0.033243958100523,-0.280161943319838,0.417038960457855,-0.043872652830721,0.220988014087898,-0.184792230246776,0.477872110421926,0.821270615823641,0.629513266285561,0.479743022790188,0.034579506058115,0.607482932087675,0.234269152820311,1.537306734428135,-0.100540241263024,-0.163898081456968,-0.093538546044263,-0.139210427459442,-0.059104825139120,0.227466480663412,-0.055838429327879,0.226822043234509,-0.159948769714616,-0.479397179285290,-0.146920428270031,-0.337571323186246,莘庄板块
-0.068128605713477,-0.200818994043680,-0.041730293847192,-0.259895821248753,-0.044253442421661,1.060234915304118,0.071663287216632,1.121442975576966,-0.228803708179259,-0.596688150899425,-0.124283193405424,-0.355146607778187,0.084274729746169,2.018883241564309,0.095847341167562,2.188779688779688,-0.282975960556065,-0.410118026398600,-0.186425274815806,-0.330768204003227,-0.167828793673177,-0.021671757096658,-0.122341104339135,-0.076326468691925,-0.141494555643172,0.003514805442000,-0.085434367881138,-0.034027274236243,-0.156891026596178,-0.028481748430598,-0.069349122153673,-0.005557323671261,-0.193820273889476,0.038746840164104,-0.092796106034969,0.001919515830360,新场板块
-0.158230243192633,-0.090213434811383,-0.138394150326204,-0.061399336411518,-0.206482653201859,-0.450095645324631,-0.180458411943730,-0.410722732591431,-0.004046144187886,1.508402519845605,0.006181502274968,0.877487424855846,-0.202709599656581,0.522836368770295,-0.160215341900897,0.327000554273282,-0.313049983850662,-0.325111431059306,-0.184525432101078,-0.121901677780293,-0.253379970042467,-0.036943047071506,-0.174329206038263,-0.212228669675478,-0.229191483650152,-0.270315575454762,-0.119225040292576,-0.036822839770414,-0.195592270082230,-0.032841199720995,-0.102993766607071,0.010012975249100,-0.242658256653227,0.007528352188748,-0.149052073374806,-0.056795086039474,航头板块
0.730859658246113,0.176745532759762,0.894768741439011,0.225498271421611,0.515304524325611,0.191723433537319,0.577336184338260,0.724164114820624,0.337995168819167,-0.098363192775472,0.101522851727820,-0.256999141209667,0.521085461875018,0.153148383453339,0.494328569109636,0.133170360443088,0.380728895451160,0.560215878818184,0.327769024696897,0.123352542786009,0.058948432103298,0.023917535034136,0.222269720290307,0.462604771115409,0.077454154992198,-0.410367053836005,0.051037612978355,-0.508487162238899,0.357529557379362,-0.099686119507091,0.450615532476183,-0.089284402771317,0.543359026274485,0.237108560219911,0.870656378720236,0.099476085091008,新江湾城板块
-0.001586941183077,0.111226009265387,0.070055213297553,0.076132856910833,-0.101875634295165,2.272117440340688,-0.002618340369535,7.078198521174096,-0.302710856125403,-0.714578326414682,-0.207732664183403,-0.499178014967489,-0.020484897806228,-0.228257800367076,0.039335471934325,-0.114804887532160,0.110392264137263,0.080523488891379,0.176424757638902,-0.020457196580601,0.056446555695993,0.362693136902623,0.182931199787273,0.523855577047066,-0.033815411975907,-0.156219583414444,0.011581901959672,0.008954545851643,0.021396940058767,-0.126617840812214,0.015925966198630,-0.037579259186721,0.095298250118156,-0.419722901385493,0.058629127790546,-0.328387757252759,五角场板块
-0.263517687069847,-0.419382859033752,-0.177909863571079,-0.251426947260957,-0.279528397629459,-0.583825986098969,-0.203249709390271,-0.426967411058829,-0.042003694147788,0.066045808753914,-0.038346883928618,-0.049319101950681,-0.014122694050710,-0.168113793590287,-0.016824973356391,-0.056233919870283,0.066508908502462,-0.179755325844246,0.043326117998785,-0.169315946167105,0.180386913561795,0.296667265540783,0.147256119625869,0.175819521877094,0.084567890877976,0.996095862262886,0.095068006503484,0.637519983925498,-0.152182507753162,0.918197318453073,-0.039139597293792,0.575880725634685,-0.359064201233495,-0.869075739367066,-0.190736244534577,-0.505886515213104,新桥板块
0.352252113683583,-0.295954665784249,0.765881337773317,0.053626534258335,0.729968802074850,0.311431563822697,0.688397562487360,0.484477307242263,0.417309271778719,-0.238921054548103,0.225836652116442,-0.300282173966384,0.812166770839014,0.597592827897783,0.975916406448166,1.348269757360666,0.298696847253624,-0.141648921036977,0.046166313059811,-0.275229091584403,0.420355851304062,-0.274546352856629,0.279711202152041,-0.289471688094967,0.740206029897824,-0.082787186641576,0.876698693969364,0.363205115884928,0.892572261857222,0.088254669456715,0.538814344327379,-0.078855240286924,0.999238547580565,1.205572361968699,0.999911525841075,1.765615825843458,源深洋泾板块
-0.275065735986699,0.131245863666446,-0.199508672326375,0.032164319357758,-0.357523210504554,-0.289792350105167,-0.256366191143108,-0.250703313665447,-0.328015889432004,0.188305658728425,-0.208249743161373,-0.174947859158385,-0.315327597561948,0.031448538754765,-0.235911130445657,0.050236186599823,-0.366441674521617,-0.313558810597374,-0.216233532322982,0.012158248747903,-0.338427521940156,-0.543029105282070,-0.221098709929569,-0.411973299958281,-0.248536147509354,-0.316062120130643,-0.152086287486683,-0.214428612613242,-0.211346934396624,-0.336162132837325,-0.111160833181957,-0.166842118148212,-0.150116989433024,0.087784730567873,-0.088937859501258,0.119122894178221,月浦板块
-0.124684748030362,-0.263029450694904,-0.100385523315190,-0.271264994547437,-0.093180308972223,0.252140118236664,-0.037149790075702,0.179313864615231,-0.155791671353904,0.000227587211419,-0.074074355735366,0.056827383143173,-0.115624313965666,-0.420690385429903,-0.100758442631785,-0.232815460088187,0.174033841103692,0.363821330965333,0.132304073991826,0.328969131396138,-0.008017376668865,0.026949335249731,-0.006665938760127,-0.079107723037635,0.008665671191047,-0.137077412238012,0.063094347433536,-0.161138144618100,0.065045108405203,0.323374409052158,0.135344710006610,-0.235684383186036,-0.064548409118757,-0.014020692608401,0.572386259603179,0.758961504298210,张江板块
0.250761121405883,0.376613170086036,0.241850072479134,0.331649226200144,0.014433738864596,-0.246773593234716,0.036867088761052,-0.230350785470660,0.170633581424267,0.289809555021484,0.192661922067050,0.372077045761256,0.102997786512408,-0.086368770295073,0.032866915730317,-0.156706293069929,0.151276456901041,-0.024226017535843,0.234412852123002,-0.004381612317264,0.156034233467308,0.276006108515990,0.229257135631132,0.005214851898206,0.071565189671661,0.099766400622932,0.280193071150431,0.427153677479099,0.034886747208166,0.087576532589320,0.112289199265182,0.048595980120939,-0.004069831896979,-0.071070407359828,0.140530825401247,0.029093837977809,赵巷板块
0.152553876653165,-0.175670086035738,0.090450867536968,-0.196263254367851,0.241827772418027,0.217777046853226,0.230650998603187,0.096285508004083,0.109729736922003,-0.077698273978589,0.140045448727105,-0.055011655011655,0.225739378965016,-0.036319356204998,0.227415685972457,-0.072365754183936,0.251682497412810,0.289591433818141,0.350315303417693,0.565808334929285,0.075015677342422,0.037279913762127,0.056008996144927,-0.001169391031719,0.087990537389058,-0.143133692384228,0.093076733647071,-0.212244577039671,0.165751783575017,-0.156262109586918,0.201651247847955,-0.182657233089333,0.326651418168663,0.195529954553617,0.600485137007856,0.317247037923611,徐泾板块
0.086341807599251,2.421451025810721,0.169572695253404,2.087026381122532,-0.287923020059389,-0.541586240922350,-0.181956419384388,-0.337777279856599,-0.107806457621932,0.273878450222125,-0.059784049062431,0.257588026009079,-0.129788956612567,-0.275836509953410,-0.131035489616510,-0.305946442310079,-0.022922173371389,0.229328137527912,0.270880691025796,0.916047147309226,-0.110561817466996,0.150467121810995,-0.045257055227170,0.126957939849054,-0.124565877556499,0.580699932948327,-0.058913353207968,0.518708448723213,-0.236717308078189,2.649771370998993,-0.116720537209032,1.090043332435674,-0.482092739653291,-0.499841144862072,-0.277034099122875,-0.280362223928458,柘林板块
-0.164028682130798,-0.325984447385837,-0.152018593037814,-0.381708392306086,-0.123776828336236,-0.015839904441232,-0.067837740010579,-0.058630218836358,-0.115039923165597,-0.139237855946399,-0.037066164982689,-0.102515028830818,-0.020442949210038,0.019377382465057,0.015742954553024,0.083492583492583,-0.054891272106467,0.366149097774827,-0.010319221533706,0.161597344336694,-0.166285428356982,0.098477362558390,-0.065411663875971,0.073229162716021,-0.165637635689479,-0.092196050440162,-0.064168906637799,-0.120864528641443,-0.160566452697266,-0.203925443695265,-0.027042368162405,-0.084045339927045,-0.130307556758838,0.120108297763596,0.018869302915168,0.233014166779579,海湾板块
-0.154848837748692,-0.635216743878226,-0.149096917189453,-0.502302837652846,0.430105371305426,-0.208428906527252,0.389423176031237,-0.177259939751537,0.667069466671021,0.068503750637244,0.564030772243855,0.015948963317384,0.715531188082124,0.680961457009742,0.663784446723773,0.278853233398688,0.202179831124060,0.035347570070092,0.308188463946994,0.346379511464735,0.166252936455588,-0.062994071146245,0.099622226719026,-0.162608563734972,0.234157676627015,-0.161951419981399,0.282376498443623,-0.170223732604157,0.360450031092118,-0.102786173758041,0.403601842175470,-0.019218057629691,0.550798503935629,0.454394761924496,0.651220023546302,0.324021799677822,真如、曹杨板块
0.249845578415647,-0.063079086697551,0.138779403235959,-0.160473560871482,0.256900504930274,0.195705048861345,0.258554753291412,0.270993601712849,0.131829304728485,-0.012881436166339,0.083555955797514,-0.063059747270274,0.209812895278126,-0.119264435973458,0.158101475356535,-0.010651147014783,0.316527035311023,-0.010776698192101,0.188986279906903,0.065434011757810,0.310663192199344,-0.084778117139777,0.138889720627335,-0.165895500688992,0.408863647802963,-0.004488136179785,0.346320854665417,-0.083299116776014,0.443673598321622,1.004805084088972,0.402799456532528,1.100766274144980,0.030355986299691,-0.383807826723578,-0.000863411807083,-0.235949896873071,万里板块
-0.089356995847097,-0.140759430840503,-0.076123769816166,-0.106353975730295,-0.103391678047436,0.205139746042188,-0.089203459331383,-0.043381382727114,-0.153892584246286,0.074694122787852,-0.061723798593637,0.164495153968838,-0.131662660575730,-0.167902018918537,-0.114796373834937,0.211844075480439,-0.096072085373973,-0.071212421653404,-0.143831017298678,-0.218703390961691,-0.073764739138770,-0.305762666187567,-0.092691330907009,-0.246804718018735,0.082537791721893,0.063536867605390,0.045798226684824,0.279600234128614,0.059939246199907,0.229597767960939,-0.016385657538801,0.166303522902539,-0.035753254406796,-0.085850841932231,-0.085185817507894,-0.151190099814823,桃浦板块
0.861245187295681,1.054475512905361,0.774425351281855,0.291857119654748,0.144800972272687,0.024062805653894,0.426554652426884,-0.171098165160455,0.125369989343339,-0.347980846260287,0.596788769886930,0.373058520426942,0.516177476120762,-0.085309896936326,0.322009090339634,-0.251387751387751,0.652433276865578,-0.042589511255184,1.240317990170846,0.676944594367162,0.683913909458068,0.330017067912325,0.445329553418661,0.007427213309566,0.475303256547489,0.672517465879350,0.515183384567523,1.604348851634096,0.167579563041504,-0.304289700069751,0.030597731370930,-0.235047861532059,0.488890380026023,-0.240561932783556,0.310237015650639,-0.372047333002123,宜川板块
0.006494251610745,-0.345673395102581,-0.096901683547233,-0.357287872108402,0.206620475361157,-0.052626567761034,0.071752121461856,-0.067219359175443,0.236569401956906,0.675979535357949,0.099281806712996,0.571316402895350,0.034971146357254,-0.034060426373006,-0.075961593247659,-0.017724335906154,0.034012484427424,0.125182126199446,-0.045802578062698,-0.000029017300114,-0.030014393912317,-0.325637800934244,-0.051739972843701,-0.017983337758056,0.158238679261111,-0.415233707524928,-0.020507025089692,-0.529104458053413,0.497553358246762,0.524587305277842,0.316450472454599,0.934683085661126,0.247763780538326,-0.455085436437225,-0.015331447484343,-0.402157385243063,中原板块
0.235880496004570,0.142579417604236,0.165080572488019,0.097305041880322,0.102339217921892,-0.078333953657460,0.075667328318432,-0.028008066323101,0.146078506083732,0.217709926443813,0.080713087121439,0.042203410624463,0.109681596172051,0.247741070168008,0.077641361186903,0.225328634419543,-0.029695008206501,0.490813942461053,-0.022282399168572,0.401918623883559,-0.173352416910085,-0.365500359324470,-0.116089487381568,-0.216590182172160,-0.031718202103921,0.022116237319663,-0.017182025195211,-0.037434369731014,-0.044442855070995,0.001356273734790,0.000387605292975,-0.024848826107180,-0.061747664587503,-0.050488306880499,0.025338448096597,-0.042869186878039,周康板块
0.001586941183077,-0.161523825281271,0.040077927054771,-0.124219819485371,0.027000613935073,0.317057759389255,0.078446571133294,0.216471232603879,-0.083190901800262,-0.192402228533974,-0.008614373786154,-0.148889706784444,0.047653605272100,0.567873782295637,0.097293581498208,0.756810529537802,-0.160834228687817,-0.273986774835979,-0.115860122492798,-0.343709919854217,-0.049964421367974,0.156306144448437,0.046083029532162,-0.003128911138924,-0.070894082512625,0.388196742586464,0.083101363723864,0.484288048083727,-0.168235179589266,-0.215938153917694,-0.025154904137642,-0.158126667809141,-0.136638406376362,0.478015830259832,0.082716895222689,0.494971621275763,朱家角板块
-0.177432231507863,-0.407801125082727,-0.100336930161331,-0.108500197220353,-0.096488040795359,-0.310825665838606,-0.120605281673582,-0.358938929967386,0.067199862588347,-0.069596169252057,0.082291179764838,0.035136793031530,0.169640122993284,0.054461386418184,0.083691787453499,0.174120401393129,0.121532011943919,-0.026295143588727,0.001205695394331,-0.046166524481896,0.127441360240960,0.558300395256917,0.014864984246255,0.347372346746564,-0.027674781470731,-0.019088097246555,-0.059491791130373,0.855224649899098,-0.026045857397441,0.560625435945129,-0.138977630346814,-0.291698288736015,-0.210624741077003,0.979307391598635,-0.069786381342911,0.691514987278503,祝桥板块
